payment_id,customer_id,plan_id,payment_date,amount_paid,payment_method,payment_status
1,68,6,2024-09-18 21:53:13,609,Credit Card,Success
2,122,8,2023-02-19 00:44:06,379,Net Banking,Success
3,251,4,2023-06-12 16:32:33,666,Credit Card,Failed
4,79,6,2024-05-07 08:13:11,599,Debit Card,Success
5,257,10,2024-09-08 13:50:25,999,Credit Card,Failed
6,307,6,2024-12-27 22:04:34,609,Credit Card,Success
7,39,10,2023-07-04 02:20:00,1019,Credit Card,Success
8,279,8,2024-11-22 17:11:12,379,Debit Card,Success
9,28,2,2024-06-30 02:45:54,259,Credit Card,Success
10,93,2,2024-02-16 01:39:57,239,Net Banking,Success
11,186,5,2023-02-21 23:34:50,399,Net Banking,Success
12,109,5,2024-07-06 22:55:11,389,Debit Card,Success
13,262,1,2024-01-03 23:16:58,189,Credit Card,Success
14,153,6,2023-10-04 15:28:01,619,Net Banking,Success
15,28,5,2024-06-05 05:14:18,399,Debit Card,Success
16,252,9,2023-06-05 09:21:27,719,Credit Card,Pending
17,341,10,2024-04-14 23:32:06,979,Debit Card,Success
18,130,4,2024-02-11 14:47:17,686,Debit Card,Success
19,204,7,2023-11-25 13:07:47,809,UPI,Success
20,288,4,2023-04-22 21:27:56,666,UPI,Success
21,332,11,2024-08-15 03:40:28,1499,UPI,Success
22,190,3,2024-04-15 19:33:25,309,Net Banking,Success
23,285,10,2023-12-11 23:21:22,1019,Debit Card,Success
24,106,5,2023-12-21 03:23:52,399,Credit Card,Success
25,177,8,2024-12-13 10:52:37,389,Credit Card,Success
26,307,1,2024-12-11 22:56:59,179,Debit Card,Success
27,71,6,2023-04-21 02:27:52,599,Net Banking,Success
28,249,11,2023-12-04 07:11:09,1509,Debit Card,Success
29,235,6,2024-07-03 01:16:43,619,UPI,Success
30,1,6,2024-11-14 19:29:43,619,UPI,Success
31,318,1,2024-07-15 09:32:01,209,Credit Card,Success
32,117,2,2024-01-09 04:53:00,229,UPI,Success
33,195,4,2023-03-13 08:23:00,686,Debit Card,Pending
34,317,6,2024-07-02 06:35:47,599,Debit Card,Success
35,217,8,2023-11-08 02:58:38,399,UPI,Success
36,51,11,2024-09-05 09:36:35,1499,Credit Card,Success
37,254,2,2024-09-24 12:50:53,229,Net Banking,Success
38,254,5,2023-06-26 14:58:17,389,UPI,Success
39,164,9,2023-01-19 19:35:25,679,Credit Card,Success
40,104,1,2023-11-23 07:28:26,219,Credit Card,Failed
41,84,3,2024-01-24 19:33:35,299,Debit Card,Success
42,284,11,2024-06-04 14:36:28,1499,UPI,Success
43,43,5,2024-01-18 07:46:52,379,Net Banking,Success
44,182,1,2023-06-05 10:35:21,199,UPI,Success
45,68,10,2024-01-17 17:34:21,979,Debit Card,Success
46,87,10,2024-11-15 19:05:25,999,Credit Card,Success
47,2,3,2024-09-10 06:09:16,279,Debit Card,Success
48,183,6,2024-02-01 19:29:11,599,Credit Card,Success
49,226,10,2023-07-19 01:22:20,999,Credit Card,Success
50,80,5,2023-11-01 23:11:57,379,Debit Card,Success
51,106,8,2024-04-13 15:35:31,409,Net Banking,Success
52,297,2,2023-02-02 08:36:01,239,UPI,Success
53,240,4,2023-06-05 10:55:44,686,Debit Card,Success
54,62,11,2023-06-16 11:37:56,1499,Debit Card,Success
55,9,1,2024-05-18 04:25:41,209,Credit Card,Success
56,246,5,2024-05-28 05:10:15,399,UPI,Success
57,207,4,2024-08-02 01:04:37,686,Debit Card,Success
58,337,7,2024-08-19 08:58:47,799,Net Banking,Success
59,232,3,2024-12-16 05:18:33,299,Net Banking,Success
60,223,5,2024-09-09 11:55:59,409,Credit Card,Success
61,96,2,2024-11-17 22:38:28,219,UPI,Success
62,347,1,2024-01-07 21:29:08,179,Debit Card,Success
63,123,10,2024-12-27 16:23:48,979,UPI,Success
64,102,11,2024-12-27 18:04:39,1499,Debit Card,Success
65,36,7,2024-05-22 16:28:16,779,Debit Card,Success
66,263,2,2023-08-23 14:37:20,229,Debit Card,Success
67,35,4,2023-04-04 11:01:15,676,UPI,Success
68,104,8,2023-10-19 19:25:57,379,UPI,Success
69,148,4,2024-08-20 15:53:13,686,Debit Card,Success
70,203,10,2024-08-06 01:04:17,979,Credit Card,Success
71,73,7,2024-06-10 15:11:42,799,UPI,Success
72,82,7,2024-10-07 00:43:57,799,Net Banking,Success
73,111,1,2024-03-23 23:35:54,179,UPI,Pending
74,115,5,2024-07-05 09:31:39,399,Net Banking,Success
75,285,5,2023-01-19 23:05:20,409,Debit Card,Pending
76,157,4,2024-05-05 01:26:47,676,Net Banking,Success
77,32,11,2023-02-04 06:30:51,1519,Net Banking,Success
78,194,8,2024-09-07 03:16:29,389,UPI,Success
79,122,2,2024-04-09 12:26:34,239,Net Banking,Success
80,31,9,2023-05-08 07:13:08,699,Debit Card,Success
81,279,9,2023-04-24 03:57:52,699,Debit Card,Success
82,70,10,2024-10-25 15:32:35,999,Net Banking,Pending
83,227,5,2024-05-01 08:11:46,419,Net Banking,Success
84,317,7,2024-10-18 16:39:02,799,UPI,Success
85,324,3,2023-09-16 11:55:03,299,Net Banking,Success
86,169,9,2024-10-31 09:06:56,709,Credit Card,Success
87,31,6,2024-01-29 07:06:06,619,Credit Card,Success
88,335,9,2024-05-06 10:20:06,719,Credit Card,Success
89,143,10,2023-04-19 08:51:55,1019,Credit Card,Success
90,186,7,2023-03-05 11:48:26,819,Net Banking,Success
91,212,9,2024-02-27 12:50:03,679,UPI,Success
92,172,5,2024-10-24 20:03:38,409,Credit Card,Success
93,150,6,2024-08-31 20:27:58,579,Debit Card,Success
94,346,6,2024-03-01 23:51:43,599,Net Banking,Success
95,205,6,2024-08-05 09:46:32,599,UPI,Success
96,301,11,2024-06-09 04:01:14,1489,Credit Card,Success
97,43,9,2024-09-13 07:52:23,679,Net Banking,Success
98,96,2,2024-06-23 18:34:18,239,Credit Card,Success
99,287,5,2024-12-19 08:18:33,389,UPI,Pending
100,266,4,2023-01-19 06:10:35,646,UPI,Success
101,324,4,2023-05-25 05:57:43,686,UPI,Success
102,177,8,2024-12-05 09:41:40,399,Debit Card,Success
103,311,1,2024-12-13 14:53:21,199,Debit Card,Success
104,20,6,2023-06-11 21:45:35,599,Net Banking,Success
105,113,8,2024-12-28 23:27:17,399,UPI,Success
106,239,1,2024-01-24 08:34:46,199,Debit Card,Success
107,342,8,2024-10-30 21:27:47,419,Net Banking,Success
108,229,2,2023-11-25 07:43:48,249,Debit Card,Failed
109,286,11,2024-01-16 20:00:43,1479,Net Banking,Success
110,201,8,2024-08-12 13:42:27,379,Net Banking,Success
111,149,2,2023-03-06 10:34:25,229,UPI,Success
112,310,6,2023-11-17 22:29:26,599,Net Banking,Success
113,59,5,2024-07-15 14:24:20,419,Net Banking,Success
114,174,7,2024-04-24 07:45:41,779,Credit Card,Success
115,35,11,2024-08-29 11:49:03,1479,Net Banking,Success
116,145,3,2023-12-26 18:18:02,299,Net Banking,Success
117,31,9,2024-05-22 17:53:39,709,UPI,Success
118,220,2,2024-06-26 07:42:00,239,Net Banking,Success
119,277,8,2023-08-16 21:10:34,419,Credit Card,Success
120,200,10,2023-10-03 08:50:34,999,UPI,Success
121,227,2,2024-05-21 08:07:00,239,Net Banking,Success
122,318,7,2024-08-25 12:50:37,809,Credit Card,Success
123,220,1,2023-08-23 18:50:41,189,Credit Card,Success
124,106,11,2024-03-29 06:31:47,1519,Net Banking,Success
125,109,8,2024-09-19 22:00:47,409,UPI,Success
126,222,3,2024-05-26 17:41:03,309,UPI,Success
127,203,6,2024-06-28 09:38:08,579,Debit Card,Success
128,11,2,2023-11-22 03:43:40,239,UPI,Success
129,168,9,2024-11-17 05:00:54,679,UPI,Success
130,317,11,2024-10-17 15:36:46,1499,Net Banking,Success
131,206,4,2024-12-05 04:33:05,656,UPI,Success
132,173,2,2024-03-19 01:24:40,229,Credit Card,Success
133,99,9,2023-10-17 23:07:50,699,Debit Card,Success
134,87,11,2023-05-25 02:09:37,1499,Net Banking,Success
135,252,1,2023-06-30 09:25:19,189,Credit Card,Success
136,35,7,2023-01-09 16:39:51,799,UPI,Success
137,130,1,2023-03-29 13:51:37,199,Debit Card,Success
138,75,1,2024-04-12 13:27:38,219,Credit Card,Success
139,346,4,2024-10-30 10:28:47,666,Credit Card,Success
140,141,8,2024-01-07 11:42:01,399,Credit Card,Success
141,173,7,2024-03-05 13:16:25,809,UPI,Success
142,307,3,2024-12-29 18:29:43,299,Credit Card,Success
143,324,2,2024-01-07 00:45:25,239,UPI,Success
144,167,4,2024-05-01 23:01:34,686,Net Banking,Success
145,194,6,2024-12-29 06:17:24,589,Debit Card,Success
146,50,7,2023-02-03 07:52:47,819,Debit Card,Success
147,100,1,2023-05-30 14:25:49,209,Debit Card,Success
148,246,10,2024-05-31 06:56:38,1009,Credit Card,Success
149,143,9,2024-11-21 07:23:29,699,Credit Card,Success
150,265,9,2023-08-12 09:46:06,699,UPI,Success
151,238,1,2023-11-21 03:20:32,179,UPI,Success
152,140,3,2024-08-23 08:14:13,309,UPI,Success
153,342,7,2023-08-07 03:06:55,799,Debit Card,Success
154,31,9,2024-04-15 03:31:58,699,Debit Card,Success
155,230,8,2024-12-18 01:19:31,399,Net Banking,Success
156,238,10,2024-06-24 00:23:28,999,Credit Card,Success
157,145,2,2024-06-21 01:04:44,239,Debit Card,Success
158,332,10,2024-05-05 09:30:46,979,Debit Card,Success
159,68,5,2024-11-10 10:33:00,399,Credit Card,Success
160,325,6,2024-12-05 15:45:44,589,Credit Card,Success
161,3,5,2023-05-30 00:16:43,419,Debit Card,Success
162,94,7,2023-08-05 08:01:44,799,Net Banking,Success
163,337,4,2024-03-26 06:53:37,686,Debit Card,Success
164,278,11,2023-10-08 18:36:17,1509,Debit Card,Success
165,9,8,2024-03-27 20:35:16,399,Credit Card,Success
166,259,5,2024-05-11 00:16:49,389,Credit Card,Success
167,151,11,2024-10-06 23:34:40,1499,Credit Card,Success
168,85,8,2023-10-19 06:28:51,389,Net Banking,Success
169,284,5,2024-12-25 06:45:36,399,Net Banking,Success
170,114,3,2023-07-17 20:25:53,299,UPI,Success
171,10,7,2024-09-23 13:33:12,799,Net Banking,Success
172,267,4,2024-09-22 16:36:45,666,Net Banking,Success
173,10,9,2024-03-29 06:47:12,719,Debit Card,Success
174,167,7,2023-06-04 17:10:15,799,UPI,Pending
175,81,11,2024-01-16 06:03:08,1499,UPI,Success
176,30,7,2023-09-01 05:23:22,779,Credit Card,Success
177,41,6,2024-08-13 09:44:46,619,UPI,Success
178,241,2,2023-08-04 10:17:27,219,Debit Card,Success
179,285,2,2024-12-20 01:11:23,249,Net Banking,Success
180,315,11,2024-03-16 01:34:50,1479,UPI,Success
181,256,10,2024-07-03 17:50:34,999,Net Banking,Success
182,87,4,2024-04-25 06:10:09,666,Debit Card,Failed
183,223,6,2024-10-15 01:03:05,589,Credit Card,Success
184,125,10,2023-09-04 00:02:51,1019,Credit Card,Success
185,253,7,2023-06-07 18:49:35,799,UPI,Pending
186,21,2,2024-03-19 16:41:25,249,Debit Card,Success
187,310,2,2023-07-27 18:32:21,229,Net Banking,Success
188,57,8,2024-04-18 11:54:07,389,Credit Card,Failed
189,203,5,2023-10-21 20:11:11,379,Credit Card,Success
190,47,7,2024-03-26 05:13:38,819,Net Banking,Success
191,202,4,2023-10-16 22:21:42,686,UPI,Success
192,214,8,2023-12-10 17:18:41,389,Net Banking,Success
193,290,7,2023-01-18 21:14:48,799,Debit Card,Success
194,262,11,2024-01-17 18:35:37,1499,Debit Card,Success
195,153,8,2024-01-30 05:35:30,399,Net Banking,Success
196,313,10,2023-06-09 14:13:50,999,Credit Card,Success
197,216,10,2024-09-27 02:41:48,989,Net Banking,Success
198,305,6,2023-10-02 09:20:45,599,Debit Card,Success
199,274,5,2023-08-07 20:16:42,399,Net Banking,Pending
200,216,11,2024-12-08 05:01:55,1489,UPI,Success
201,27,1,2023-10-30 01:03:35,199,Debit Card,Success
202,95,1,2024-01-19 11:06:30,199,Net Banking,Failed
203,149,2,2023-12-06 17:01:30,239,Debit Card,Success
204,198,6,2023-12-27 20:23:17,599,Credit Card,Success
205,99,10,2024-05-15 23:50:17,999,Credit Card,Success
206,340,7,2023-10-11 04:06:42,779,Credit Card,Success
207,129,3,2023-03-13 18:01:40,299,UPI,Success
208,332,9,2024-12-24 21:55:38,699,Net Banking,Success
209,31,3,2024-10-28 19:36:16,299,Debit Card,Success
210,69,3,2023-06-27 22:31:20,299,Debit Card,Success
211,137,2,2023-06-30 01:21:23,259,UPI,Success
212,224,10,2024-05-23 11:02:12,1019,Credit Card,Success
213,349,8,2023-11-25 18:12:46,389,Credit Card,Success
214,109,4,2024-04-13 01:55:05,676,UPI,Success
215,145,2,2023-07-28 23:20:45,259,Credit Card,Success
216,216,8,2024-12-04 09:01:57,419,Debit Card,Success
217,250,3,2024-02-19 12:05:37,289,Credit Card,Success
218,135,6,2024-10-26 09:56:54,589,Debit Card,Success
219,86,1,2024-01-25 01:41:48,199,UPI,Success
220,21,3,2023-02-07 13:12:22,299,Credit Card,Success
221,100,4,2024-10-31 07:02:02,666,Debit Card,Success
222,151,5,2023-12-26 03:51:28,389,Net Banking,Success
223,108,2,2024-07-08 03:17:36,229,Credit Card,Success
224,327,1,2023-02-22 02:21:01,199,Credit Card,Success
225,321,8,2024-02-15 19:16:51,419,Net Banking,Success
226,203,7,2024-09-29 20:58:42,799,Net Banking,Success
227,30,8,2024-05-17 19:32:21,399,Debit Card,Success
228,249,10,2024-07-11 23:07:25,1019,Net Banking,Success
229,141,9,2024-12-28 16:31:28,699,Credit Card,Success
230,33,8,2023-04-09 01:16:52,419,UPI,Success
231,183,10,2023-10-13 10:43:12,1019,Debit Card,Success
232,115,7,2023-10-25 03:39:51,799,Debit Card,Success
233,240,6,2024-01-14 10:28:07,589,UPI,Success
234,85,11,2024-08-05 19:29:28,1489,Net Banking,Success
235,147,3,2024-05-19 03:33:58,319,Debit Card,Success
236,172,3,2024-09-26 00:49:16,289,Net Banking,Success
237,66,7,2024-04-09 01:18:43,809,Net Banking,Success
238,22,4,2023-12-26 20:31:30,656,Net Banking,Pending
239,300,4,2023-04-24 01:00:54,676,UPI,Success
240,313,1,2023-09-30 06:49:15,199,Net Banking,Success
241,90,7,2023-03-02 16:19:37,799,Debit Card,Success
242,164,9,2024-03-04 10:41:40,699,UPI,Failed
243,232,8,2023-02-22 15:03:25,399,Debit Card,Success
244,59,9,2024-02-16 10:17:00,679,UPI,Success
245,145,9,2023-07-29 09:52:07,679,UPI,Success
246,45,11,2024-02-09 17:50:27,1499,UPI,Success
247,104,6,2024-09-24 06:46:15,599,Debit Card,Success
248,34,5,2023-11-19 03:33:44,379,UPI,Success
249,236,8,2024-11-16 00:08:29,419,UPI,Success
250,329,9,2024-07-19 23:17:22,709,UPI,Pending
251,70,3,2024-10-21 00:22:28,299,Net Banking,Success
252,218,11,2023-07-27 11:12:50,1489,Credit Card,Success
253,205,4,2023-03-14 09:10:48,666,Net Banking,Success
254,176,4,2023-02-02 12:55:01,646,Debit Card,Success
255,219,3,2023-06-01 01:37:14,299,Credit Card,Success
256,288,3,2023-11-28 14:12:25,299,Debit Card,Pending
257,342,4,2023-01-01 10:34:09,646,Credit Card,Success
258,5,5,2024-09-10 23:35:16,419,UPI,Success
259,130,3,2024-12-19 07:55:39,309,Net Banking,Success
260,167,11,2023-12-23 23:40:55,1519,Debit Card,Success
261,333,6,2024-10-22 16:13:05,599,Debit Card,Success
262,8,9,2024-09-14 18:04:08,709,Debit Card,Success
263,46,11,2024-11-16 04:42:52,1519,Credit Card,Success
264,129,1,2023-12-03 23:59:08,199,Debit Card,Success
265,332,9,2023-08-22 11:00:40,699,Net Banking,Success
266,333,10,2023-08-22 06:47:23,1019,Debit Card,Success
267,344,3,2024-03-07 02:12:44,289,Credit Card,Success
268,321,4,2023-12-27 16:03:58,656,UPI,Success
269,118,9,2023-10-09 22:40:41,699,Net Banking,Success
270,166,6,2023-08-21 07:20:23,579,Credit Card,Success
271,289,8,2024-12-22 02:48:50,409,UPI,Success
272,321,1,2023-12-05 08:36:33,199,Net Banking,Success
273,115,8,2023-01-24 18:20:30,399,Debit Card,Success
274,197,4,2024-01-13 21:23:21,666,Net Banking,Success
275,122,7,2023-12-01 01:45:00,819,Credit Card,Success
276,206,10,2024-09-16 21:31:01,989,Debit Card,Success
277,184,6,2024-04-05 22:38:09,599,UPI,Success
278,204,2,2024-09-10 10:08:14,249,UPI,Success
279,329,7,2024-01-18 15:37:59,779,Credit Card,Pending
280,239,1,2024-01-01 23:57:23,189,UPI,Success
281,41,6,2024-06-11 04:37:31,609,Debit Card,Success
282,235,2,2023-04-15 06:16:03,229,Debit Card,Success
283,251,1,2024-03-28 17:21:47,179,UPI,Success
284,22,4,2024-09-05 06:08:32,656,Net Banking,Success
285,216,8,2024-06-14 04:56:30,399,Debit Card,Success
286,345,9,2023-02-25 16:16:25,719,Debit Card,Success
287,346,8,2024-04-15 19:47:07,419,Debit Card,Success
288,197,9,2023-03-16 15:48:36,699,Credit Card,Success
289,24,1,2023-11-02 13:23:09,219,Debit Card,Success
290,145,8,2024-09-21 08:32:32,399,Debit Card,Pending
291,83,5,2023-08-17 02:05:37,409,Net Banking,Success
292,131,4,2024-12-23 16:14:26,686,Debit Card,Success
293,255,4,2023-07-06 22:37:27,666,Credit Card,Success
294,48,1,2023-06-21 17:06:57,179,UPI,Success
295,8,8,2024-06-27 08:04:58,389,UPI,Success
296,1,6,2024-08-11 09:43:03,599,Credit Card,Success
297,17,7,2024-11-01 10:52:41,779,Debit Card,Failed
298,158,4,2024-11-26 15:00:03,666,UPI,Success
299,21,7,2023-05-29 17:36:22,799,UPI,Success
300,146,5,2023-10-30 13:54:26,389,Net Banking,Success
301,344,7,2024-08-31 17:41:19,809,Debit Card,Success
302,340,6,2024-08-01 21:02:58,609,Net Banking,Success
303,75,10,2024-11-17 21:40:56,1009,Credit Card,Success
304,174,3,2024-06-23 18:29:35,299,UPI,Success
305,22,6,2023-04-26 02:02:51,579,Credit Card,Success
306,338,10,2024-12-27 09:08:48,999,Credit Card,Success
307,211,7,2023-01-30 20:44:34,819,UPI,Success
308,35,6,2024-09-13 12:58:11,599,Debit Card,Success
309,17,2,2024-11-29 18:31:16,259,Credit Card,Success
310,314,6,2024-06-12 10:44:58,609,Debit Card,Success
311,284,9,2024-04-03 15:29:25,699,Credit Card,Success
312,108,1,2023-12-20 08:55:45,209,Debit Card,Success
313,51,8,2023-02-04 13:47:41,399,Debit Card,Success
314,42,10,2024-05-02 00:55:25,1019,UPI,Success
315,349,7,2024-12-22 14:43:03,799,Credit Card,Failed
316,144,10,2023-06-23 03:08:55,999,Debit Card,Success
317,92,11,2024-10-23 21:30:06,1479,Credit Card,Success
318,321,10,2023-07-17 09:32:55,999,Debit Card,Success
319,191,4,2023-02-01 11:47:51,656,Net Banking,Success
320,115,1,2023-11-30 23:58:53,179,UPI,Success
321,115,5,2024-02-20 17:55:31,419,Net Banking,Success
322,264,11,2024-10-09 16:55:55,1519,UPI,Success
323,342,10,2023-06-15 18:20:08,999,Debit Card,Success
324,158,4,2024-12-19 22:58:40,666,Debit Card,Success
325,93,11,2023-06-05 13:03:45,1479,Net Banking,Success
326,292,11,2023-07-10 18:14:49,1499,UPI,Success
327,334,5,2023-05-12 06:48:36,409,Debit Card,Success
328,200,7,2023-05-24 16:07:29,799,Credit Card,Success
329,40,6,2023-03-17 19:28:34,619,Debit Card,Success
330,134,9,2024-12-21 12:54:11,709,UPI,Success
331,333,3,2024-11-09 06:01:20,279,UPI,Pending
332,146,2,2024-08-27 19:21:54,259,Debit Card,Pending
333,43,2,2024-08-17 02:46:29,239,Debit Card,Success
334,12,9,2023-12-28 09:46:08,699,UPI,Success
335,196,10,2023-08-05 03:53:54,1019,UPI,Success
336,184,2,2023-10-02 08:52:26,229,Net Banking,Success
337,283,9,2024-04-06 22:58:39,709,UPI,Failed
338,304,10,2024-09-16 18:38:34,1019,UPI,Pending
339,345,3,2023-04-24 06:09:00,299,Credit Card,Success
340,349,9,2023-05-31 19:35:57,699,Debit Card,Success
341,36,7,2024-09-07 16:21:08,819,Net Banking,Success
342,297,9,2024-08-25 15:07:08,719,Net Banking,Success
343,117,4,2024-10-02 00:24:19,686,UPI,Pending
344,225,4,2024-10-10 04:24:56,676,Net Banking,Success
345,288,8,2023-10-28 19:20:25,399,Debit Card,Success
346,321,1,2023-01-29 06:09:45,199,Credit Card,Success
347,124,6,2023-01-14 07:09:52,609,Debit Card,Success
348,311,7,2023-06-26 09:15:36,799,Net Banking,Success
349,167,2,2024-04-06 21:03:04,239,UPI,Success
350,273,8,2024-01-19 23:15:58,399,Debit Card,Success
351,173,1,2024-09-02 14:49:39,219,Debit Card,Success
352,66,9,2024-03-08 10:27:06,699,UPI,Success
353,140,1,2024-12-30 09:08:05,199,Credit Card,Success
354,90,7,2023-04-29 20:48:43,799,Debit Card,Success
355,100,2,2024-02-17 09:51:18,239,UPI,Success
356,93,5,2023-11-13 00:37:22,379,UPI,Pending
357,289,6,2023-05-24 12:28:37,609,UPI,Success
358,184,9,2024-04-13 06:59:24,699,UPI,Success
359,264,2,2024-10-01 13:10:40,259,Debit Card,Success
360,155,2,2023-05-22 20:15:50,239,Credit Card,Success
361,127,2,2023-06-29 19:50:02,219,Debit Card,Success
362,27,9,2024-08-09 07:14:57,699,UPI,Success
363,111,9,2024-12-27 09:33:54,699,Debit Card,Failed
364,209,11,2023-12-24 06:55:08,1479,Net Banking,Success
365,197,1,2023-08-31 06:05:30,199,UPI,Success
366,187,5,2024-07-29 14:59:58,379,Credit Card,Success
367,303,10,2023-01-04 02:44:29,979,Net Banking,Success
368,27,6,2023-11-12 08:10:39,599,UPI,Success
369,297,10,2024-12-30 20:28:45,999,Credit Card,Success
370,301,3,2024-02-25 21:11:14,309,UPI,Success
371,4,1,2024-01-01 07:19:10,189,Credit Card,Success
372,75,11,2024-07-01 16:41:30,1489,Net Banking,Success
373,31,9,2024-11-10 16:32:17,699,Credit Card,Success
374,151,4,2023-02-16 02:46:04,666,Credit Card,Success
375,168,7,2024-10-03 14:08:47,819,Debit Card,Success
376,91,7,2024-04-03 20:45:12,799,Debit Card,Success
377,150,10,2024-04-12 06:47:21,1009,Net Banking,Success
378,131,10,2024-08-30 11:54:44,979,UPI,Success
379,43,4,2024-08-03 01:05:35,666,Credit Card,Success
380,61,11,2024-03-26 15:47:19,1479,Credit Card,Success
381,201,1,2023-06-29 07:27:40,189,UPI,Success
382,131,11,2024-07-21 12:16:11,1489,Credit Card,Success
383,280,2,2024-08-13 13:57:05,219,Credit Card,Success
384,350,1,2023-11-18 01:30:40,179,Debit Card,Success
385,26,3,2023-04-25 04:02:47,309,UPI,Success
386,68,6,2023-11-16 07:57:35,599,Debit Card,Success
387,251,4,2024-10-28 05:44:06,676,Credit Card,Success
388,49,6,2023-05-27 00:35:12,619,Credit Card,Success
389,133,5,2023-12-06 18:40:27,379,Debit Card,Success
390,66,8,2023-08-14 00:32:57,379,UPI,Success
391,10,9,2023-08-13 12:42:34,689,Net Banking,Success
392,75,5,2024-02-09 09:29:14,399,Debit Card,Success
393,113,1,2024-12-13 06:00:03,219,UPI,Success
394,332,6,2023-08-24 11:58:38,609,Credit Card,Success
395,256,5,2024-12-05 19:48:04,399,Debit Card,Success
396,227,4,2024-08-22 03:48:58,656,UPI,Success
397,69,11,2024-01-13 09:52:49,1499,Credit Card,Pending
398,221,9,2024-01-31 21:27:14,709,Credit Card,Success
399,233,6,2024-12-27 02:39:39,599,UPI,Success
400,13,11,2024-02-06 03:53:41,1519,Debit Card,Success
401,272,1,2023-02-18 21:48:15,199,UPI,Success
402,52,5,2023-07-15 19:27:41,419,Credit Card,Success
403,13,11,2024-12-24 10:01:31,1499,Credit Card,Success
404,303,9,2023-01-03 14:50:13,689,UPI,Success
405,100,9,2023-11-23 00:15:45,699,Debit Card,Success
406,135,4,2023-05-26 12:51:53,646,Debit Card,Success
407,111,7,2023-07-15 02:06:19,809,Debit Card,Success
408,313,11,2023-11-09 04:57:34,1509,Debit Card,Success
409,143,8,2024-04-30 03:44:46,389,Credit Card,Success
410,17,6,2024-10-11 20:52:59,599,Credit Card,Success
411,164,8,2023-06-26 18:21:19,399,UPI,Success
412,339,2,2024-03-14 23:19:35,229,Credit Card,Success
413,346,1,2023-06-09 04:43:09,199,Net Banking,Success
414,139,2,2024-04-30 23:48:33,249,Net Banking,Success
415,94,4,2024-07-27 05:46:24,656,Credit Card,Success
416,43,1,2023-07-19 04:41:47,179,Net Banking,Success
417,146,5,2024-05-14 10:44:49,399,Net Banking,Success
418,331,2,2023-09-22 17:14:19,229,UPI,Success
419,266,5,2024-09-06 11:09:51,399,Credit Card,Success
420,283,5,2024-07-28 21:25:22,389,UPI,Failed
421,226,8,2024-09-26 15:12:11,389,Net Banking,Success
422,233,2,2024-12-21 20:26:52,239,Credit Card,Failed
423,40,5,2023-01-01 01:43:55,399,Debit Card,Failed
424,33,8,2024-03-08 01:56:19,409,Credit Card,Success
425,209,2,2024-09-05 08:14:02,239,UPI,Success
426,208,4,2024-02-09 13:58:52,686,Credit Card,Success
427,283,1,2024-10-11 05:04:28,189,Credit Card,Success
428,277,4,2023-04-14 00:22:05,666,Net Banking,Success
429,52,8,2023-06-25 05:57:29,399,Credit Card,Success
430,110,4,2023-10-24 03:04:12,676,Debit Card,Success
431,265,7,2023-04-30 13:27:12,809,UPI,Success
432,118,3,2024-01-03 22:58:05,299,UPI,Success
433,229,1,2024-02-19 00:23:35,189,Net Banking,Success
434,139,3,2024-06-12 09:20:51,279,Credit Card,Success
435,47,7,2023-06-28 01:39:45,809,Credit Card,Success
436,43,9,2024-07-08 08:44:53,699,Debit Card,Success
437,230,3,2024-12-26 02:19:56,299,Credit Card,Pending
438,278,7,2023-05-14 16:49:45,799,Net Banking,Success
439,280,5,2024-09-07 05:00:18,389,UPI,Success
440,318,5,2023-10-19 16:18:51,419,Net Banking,Failed
441,265,10,2023-03-31 14:14:00,1019,Credit Card,Failed
442,138,4,2024-07-26 10:44:32,676,UPI,Success
443,5,7,2024-11-26 02:23:54,809,Credit Card,Success
444,315,3,2024-02-23 16:09:40,289,Credit Card,Success
445,157,1,2024-12-03 13:40:23,219,UPI,Success
446,285,9,2023-03-06 21:49:05,699,UPI,Success
447,290,6,2024-03-02 08:22:34,589,Credit Card,Success
448,188,8,2024-10-22 09:42:56,419,Credit Card,Success
449,98,4,2024-06-26 18:07:11,676,UPI,Success
450,195,10,2023-12-10 13:57:28,979,Net Banking,Success
451,18,9,2023-03-04 06:13:57,709,Debit Card,Success
452,72,11,2023-08-03 14:48:55,1519,Debit Card,Success
453,154,1,2024-08-28 21:08:25,179,UPI,Success
454,101,1,2023-03-06 23:02:49,199,Credit Card,Success
455,19,11,2024-03-31 00:51:33,1479,UPI,Success
456,92,8,2024-09-17 13:14:45,379,Net Banking,Success
457,70,9,2024-12-12 08:54:26,699,UPI,Success
458,248,10,2023-01-21 01:42:57,1009,Credit Card,Pending
459,264,6,2024-10-23 20:23:43,609,UPI,Success
460,282,9,2024-05-16 10:59:14,699,Debit Card,Success
461,21,2,2024-02-28 21:59:15,259,Credit Card,Success
462,155,10,2024-02-24 10:34:42,999,Debit Card,Success
463,257,2,2023-04-27 22:57:48,229,Debit Card,Success
464,185,1,2023-09-01 23:30:09,199,Net Banking,Success
465,38,7,2023-12-29 23:20:29,779,UPI,Success
466,73,1,2024-05-29 05:15:58,199,Credit Card,Success
467,155,11,2023-09-23 05:49:08,1479,Debit Card,Success
468,125,5,2024-02-16 16:34:21,389,Net Banking,Success
469,288,2,2023-07-03 03:39:49,239,Credit Card,Success
470,144,9,2023-06-26 23:20:02,699,Debit Card,Success
471,265,6,2023-08-29 21:10:28,619,Credit Card,Success
472,156,7,2024-07-20 16:43:26,779,UPI,Success
473,241,1,2023-11-12 22:01:56,189,Credit Card,Success
474,169,10,2024-03-09 14:45:53,999,Debit Card,Success
475,309,1,2024-08-22 21:57:16,199,Credit Card,Success
476,176,1,2023-07-28 00:21:10,219,UPI,Failed
477,248,7,2023-07-16 08:48:55,819,UPI,Success
478,227,9,2024-12-16 19:31:55,679,Debit Card,Success
479,132,5,2024-03-15 12:32:48,399,Net Banking,Success
480,107,4,2024-02-05 12:39:41,656,Net Banking,Success
481,60,4,2024-02-15 08:37:22,676,UPI,Success
482,131,4,2024-04-19 08:37:57,676,UPI,Success
483,141,7,2024-04-25 20:23:18,809,Debit Card,Success
484,20,9,2024-03-19 20:02:55,709,Debit Card,Success
485,328,3,2023-01-17 02:03:02,289,Net Banking,Success
486,262,3,2023-10-14 00:47:56,309,Net Banking,Success
487,96,5,2024-08-27 12:28:02,399,UPI,Success
488,233,1,2024-12-30 18:02:41,199,Debit Card,Failed
489,83,11,2023-10-30 19:54:21,1489,Debit Card,Failed
490,331,6,2024-08-11 11:46:08,599,UPI,Success
491,11,4,2024-07-14 02:43:40,676,Debit Card,Success
492,92,11,2023-05-26 05:05:58,1499,Credit Card,Pending
493,269,1,2024-06-03 08:48:26,179,Net Banking,Success
494,131,7,2024-12-22 20:04:23,799,Debit Card,Success
495,182,9,2024-01-28 09:54:54,679,Credit Card,Success
496,274,6,2023-08-16 00:54:20,599,Credit Card,Success
497,116,5,2023-09-15 12:33:46,409,Credit Card,Success
498,238,1,2024-06-07 06:15:50,209,Debit Card,Success
499,262,11,2024-05-11 09:20:19,1479,Debit Card,Success
500,51,4,2023-06-12 06:52:16,686,Debit Card,Success
501,218,9,2023-07-20 04:11:41,699,Debit Card,Success
502,136,2,2023-11-03 14:06:50,249,Credit Card,Success
503,259,2,2023-03-11 22:47:45,219,Net Banking,Success
504,98,2,2024-02-27 19:56:23,219,Credit Card,Success
505,97,2,2024-05-05 00:20:10,249,Credit Card,Success
506,64,3,2023-11-11 13:38:41,309,Debit Card,Pending
507,300,1,2024-11-16 08:48:25,199,UPI,Success
508,142,2,2024-12-14 03:11:27,259,Net Banking,Success
509,242,6,2024-07-28 22:39:02,579,Net Banking,Pending
510,36,7,2024-08-27 23:59:49,799,UPI,Success
511,176,3,2023-06-12 02:30:58,319,UPI,Pending
512,8,1,2024-12-22 23:24:44,179,Debit Card,Success
513,329,2,2024-03-02 23:54:16,229,UPI,Success
514,309,7,2023-09-17 07:27:05,799,Net Banking,Success
515,146,5,2024-10-01 06:35:41,399,UPI,Pending
516,10,7,2024-12-13 00:00:24,779,Credit Card,Success
517,58,10,2024-09-07 05:29:19,999,Credit Card,Success
518,273,2,2023-08-30 17:42:27,239,UPI,Success
519,243,9,2024-05-11 13:12:03,719,Debit Card,Success
520,246,5,2024-05-31 17:24:41,389,Net Banking,Success
521,118,6,2024-10-12 22:40:05,579,Credit Card,Success
522,194,7,2023-06-01 05:34:53,789,Credit Card,Failed
523,181,10,2024-04-12 13:25:59,999,Credit Card,Success
524,116,8,2023-08-02 14:44:17,399,Debit Card,Success
525,334,2,2023-07-18 04:17:27,219,Debit Card,Success
526,42,9,2023-11-13 07:39:05,709,UPI,Success
527,96,11,2023-01-17 12:12:25,1519,Debit Card,Success
528,165,7,2023-11-29 22:58:44,799,UPI,Success
529,247,2,2023-04-01 11:57:11,249,Credit Card,Success
530,256,1,2024-01-03 04:50:25,189,UPI,Success
531,217,4,2023-10-08 15:31:55,666,Net Banking,Success
532,266,2,2024-09-27 11:50:13,259,UPI,Success
533,249,11,2023-12-20 21:32:08,1479,Debit Card,Failed
534,109,4,2023-03-19 15:07:25,656,Credit Card,Success
535,13,6,2023-10-04 08:30:21,579,Net Banking,Success
536,96,3,2023-12-05 20:06:41,299,UPI,Success
537,112,8,2023-11-26 16:45:38,419,Credit Card,Success
538,183,9,2024-10-07 18:15:41,699,Debit Card,Success
539,138,1,2023-03-31 23:12:03,189,Debit Card,Success
540,305,1,2024-09-08 13:42:59,199,Net Banking,Success
541,118,6,2023-08-20 19:19:46,589,Net Banking,Success
542,178,9,2024-07-26 04:18:09,699,Credit Card,Success
543,345,4,2023-07-01 13:22:06,676,Debit Card,Success
544,9,2,2023-02-11 11:27:16,219,Debit Card,Success
545,76,1,2024-04-15 10:43:54,219,UPI,Success
546,22,10,2024-03-27 03:42:35,1009,UPI,Success
547,312,5,2024-06-03 08:42:35,389,UPI,Success
548,157,8,2024-05-20 22:12:20,399,Credit Card,Success
549,254,10,2024-07-02 11:48:25,999,Net Banking,Success
550,287,10,2024-12-12 16:20:55,999,Debit Card,Success
551,229,11,2024-04-14 15:40:49,1519,Net Banking,Success
552,78,9,2023-08-18 13:24:18,689,Debit Card,Success
553,238,11,2024-03-17 18:28:38,1489,Credit Card,Success
554,345,2,2023-08-17 16:09:13,219,Debit Card,Success
555,55,4,2023-05-17 00:32:29,656,UPI,Success
556,115,4,2023-08-17 16:36:13,686,Credit Card,Success
557,14,7,2023-11-10 23:03:39,799,UPI,Success
558,264,1,2024-11-27 13:57:35,199,Credit Card,Success
559,107,2,2023-12-22 02:28:50,259,Net Banking,Pending
560,87,1,2024-05-13 14:33:12,199,Credit Card,Success
561,114,5,2024-03-12 06:05:41,409,Credit Card,Success
562,90,4,2023-09-11 00:56:37,676,Debit Card,Success
563,263,9,2023-04-18 14:15:25,709,UPI,Success
564,102,5,2024-12-25 11:24:07,399,Net Banking,Success
565,188,2,2023-04-21 15:34:38,249,Net Banking,Success
566,301,9,2024-10-23 10:56:10,719,Credit Card,Success
567,131,6,2024-09-17 16:20:09,609,Credit Card,Success
568,171,5,2023-05-31 05:50:40,419,Net Banking,Success
569,105,6,2023-11-13 01:37:50,609,UPI,Failed
570,3,4,2023-01-12 14:22:23,666,Net Banking,Success
571,175,2,2024-02-07 13:46:04,259,Credit Card,Success
572,251,6,2024-03-19 21:39:46,599,UPI,Success
573,50,4,2024-08-26 16:24:18,666,Net Banking,Success
574,347,4,2024-09-07 07:18:36,686,Debit Card,Success
575,334,5,2024-05-01 06:15:19,379,UPI,Success
576,89,3,2024-01-07 14:20:43,319,Credit Card,Success
577,98,11,2024-10-23 22:18:14,1499,Net Banking,Success
578,170,7,2024-11-06 23:45:46,779,UPI,Success
579,57,7,2024-01-27 09:21:51,789,UPI,Success
580,345,4,2024-09-24 11:54:30,666,Debit Card,Success
581,299,1,2023-02-07 05:13:18,179,Net Banking,Success
582,126,10,2024-05-18 12:54:43,999,UPI,Success
583,72,10,2023-02-26 19:51:12,1019,Debit Card,Success
584,319,7,2024-08-23 21:57:42,789,Credit Card,Success
585,30,8,2024-05-13 17:06:44,399,Credit Card,Success
586,348,6,2023-07-25 00:41:02,609,Debit Card,Success
587,328,8,2023-12-09 06:18:10,399,Debit Card,Success
588,186,1,2024-07-08 19:48:12,199,Credit Card,Success
589,325,7,2024-06-05 11:40:50,789,Credit Card,Success
590,2,9,2024-12-21 04:14:41,679,Net Banking,Success
591,293,8,2024-12-17 18:46:39,399,UPI,Pending
592,319,10,2024-06-27 03:31:47,999,UPI,Success
593,15,5,2024-01-09 13:15:35,399,Debit Card,Success
594,340,4,2023-06-04 03:10:32,656,Net Banking,Success
595,35,3,2024-12-24 10:18:18,299,Debit Card,Success
596,306,3,2023-06-07 09:05:02,299,Net Banking,Success
597,139,9,2024-04-21 21:06:21,699,UPI,Success
598,10,3,2024-06-10 15:26:44,279,UPI,Success
599,83,1,2023-10-23 00:32:09,179,Credit Card,Success
600,196,4,2024-10-02 22:14:04,666,Debit Card,Success
601,274,8,2024-04-08 16:21:17,399,Debit Card,Success
602,346,4,2023-06-19 12:32:39,666,UPI,Success
603,143,9,2023-08-19 11:24:49,699,Debit Card,Success
604,292,3,2024-11-02 12:31:43,299,Debit Card,Success
605,229,7,2023-08-17 08:51:53,799,UPI,Pending
606,17,2,2024-11-09 17:12:52,239,Debit Card,Pending
607,329,4,2023-12-17 21:01:07,656,Debit Card,Success
608,87,7,2024-01-01 08:51:17,799,UPI,Failed
609,251,8,2024-07-29 11:41:01,419,Net Banking,Success
610,218,3,2024-12-11 20:00:54,289,UPI,Success
611,236,3,2024-12-05 23:21:02,279,Net Banking,Success
612,34,10,2024-03-28 20:27:46,1019,Credit Card,Success
613,333,4,2023-07-22 19:13:34,666,Net Banking,Success
614,56,9,2023-09-22 04:37:24,709,Net Banking,Success
615,311,11,2024-10-03 16:28:43,1499,Credit Card,Success
616,230,4,2024-12-20 18:23:00,656,UPI,Success
617,256,3,2024-08-04 19:07:51,299,UPI,Success
618,274,10,2024-09-14 06:08:38,999,UPI,Success
619,292,10,2024-02-28 00:02:57,1009,Net Banking,Success
620,49,2,2023-12-19 07:13:37,239,UPI,Success
621,104,8,2023-12-06 11:25:35,399,Credit Card,Success
622,29,1,2023-10-11 13:42:07,219,UPI,Success
623,193,3,2023-05-11 06:14:51,309,Credit Card,Success
624,7,11,2024-05-24 03:49:10,1499,Credit Card,Success
625,115,7,2024-06-11 04:45:48,819,Debit Card,Success
626,260,6,2024-02-23 17:04:38,599,UPI,Success
627,19,7,2024-03-18 06:58:41,789,UPI,Success
628,325,3,2023-02-26 12:13:09,299,Credit Card,Success
629,245,7,2023-12-21 17:59:04,819,UPI,Success
630,40,9,2024-08-23 01:45:54,709,Debit Card,Success
631,118,10,2024-04-17 23:51:38,999,Debit Card,Success
632,129,1,2023-05-03 23:36:53,189,UPI,Success
633,105,1,2024-04-15 01:07:18,209,Credit Card,Success
634,324,9,2023-12-03 10:31:02,709,Debit Card,Success
635,201,5,2024-05-18 14:30:18,389,Debit Card,Success
636,111,6,2024-10-19 05:06:34,609,UPI,Success
637,333,5,2023-09-27 08:26:09,399,Net Banking,Pending
638,255,1,2024-06-24 00:57:55,209,Net Banking,Success
639,84,3,2023-07-02 17:57:15,299,Net Banking,Success
640,21,8,2023-06-02 05:29:42,399,Credit Card,Success
641,180,10,2023-12-18 02:00:37,999,Net Banking,Success
642,91,10,2023-02-19 07:22:23,1009,Net Banking,Success
643,61,9,2024-01-18 12:19:41,699,Credit Card,Success
644,26,10,2024-12-11 22:46:09,999,Net Banking,Success
645,94,3,2024-10-12 03:38:59,319,Credit Card,Success
646,101,10,2023-06-02 08:34:04,999,UPI,Success
647,329,9,2023-09-05 04:40:54,709,UPI,Success
648,37,3,2024-06-13 23:42:56,309,Credit Card,Success
649,305,5,2024-11-16 20:41:40,379,Debit Card,Success
650,87,7,2023-10-23 21:13:16,809,Debit Card,Success
651,56,10,2023-01-30 18:15:29,979,UPI,Success
652,15,9,2024-03-09 00:55:39,719,Debit Card,Success
653,131,5,2024-05-26 18:37:52,389,Net Banking,Success
654,135,7,2023-06-02 07:42:14,789,Debit Card,Success
655,330,10,2023-08-17 11:36:43,989,Credit Card,Success
656,303,3,2024-06-14 21:50:25,299,Debit Card,Success
657,348,4,2024-12-07 14:55:15,656,UPI,Success
658,80,3,2023-07-22 12:19:47,279,Debit Card,Success
659,89,6,2024-07-15 02:54:01,599,Credit Card,Failed
660,2,6,2024-07-15 02:35:06,589,Credit Card,Success
661,322,10,2023-06-22 03:53:42,1019,Credit Card,Success
662,311,10,2024-12-04 18:43:53,999,UPI,Success
663,61,9,2023-03-24 11:54:34,699,Net Banking,Success
664,311,1,2024-11-03 05:34:56,199,Debit Card,Pending
665,136,9,2023-09-09 22:48:48,679,Debit Card,Success
666,175,11,2024-05-27 13:08:40,1519,Debit Card,Success
667,135,4,2023-08-27 03:47:55,676,UPI,Success
668,175,9,2023-12-14 06:21:22,719,UPI,Failed
669,122,10,2024-01-12 03:03:26,989,UPI,Success
670,258,6,2024-03-28 00:50:12,589,Debit Card,Success
671,1,2,2024-08-28 14:22:28,229,Net Banking,Success
672,298,6,2023-08-17 02:01:57,599,UPI,Success
673,230,6,2024-11-18 00:58:13,579,Credit Card,Success
674,7,6,2024-09-06 01:06:27,589,Net Banking,Success
675,330,9,2023-03-17 15:15:19,689,Net Banking,Success
676,149,6,2023-02-05 13:37:40,579,Debit Card,Pending
677,167,3,2024-06-25 11:22:08,319,UPI,Success
678,56,2,2023-01-28 08:01:47,259,Debit Card,Success
679,337,7,2024-03-12 21:04:11,809,Net Banking,Success
680,176,10,2024-07-22 22:49:22,1019,Credit Card,Success
681,310,1,2023-12-11 11:23:12,199,Credit Card,Success
682,75,9,2024-07-08 08:03:45,699,Debit Card,Success
683,17,3,2024-10-01 18:39:46,299,Net Banking,Success
684,318,6,2024-11-02 02:46:08,619,Net Banking,Success
685,197,8,2024-02-23 14:06:06,399,Debit Card,Success
686,168,3,2024-09-23 01:18:38,299,Debit Card,Success
687,51,11,2023-08-06 04:22:41,1499,Debit Card,Success
688,217,7,2023-10-10 12:02:28,819,Debit Card,Success
689,162,10,2023-08-12 17:19:02,989,Credit Card,Success
690,15,10,2024-12-19 07:42:18,979,UPI,Success
691,292,7,2023-09-16 02:25:25,779,Credit Card,Failed
692,279,1,2024-11-16 10:48:21,179,UPI,Success
693,43,5,2023-10-17 07:58:13,409,Credit Card,Success
694,292,4,2023-02-26 12:07:26,656,Credit Card,Success
695,186,2,2024-09-12 20:15:27,239,Debit Card,Success
696,112,1,2023-09-09 15:21:41,199,Net Banking,Success
697,37,4,2024-05-06 23:45:52,676,Net Banking,Success
698,87,3,2024-06-13 17:18:25,279,Debit Card,Success
699,47,9,2024-02-12 14:49:47,699,Net Banking,Success
700,318,10,2024-07-10 16:57:19,999,Credit Card,Success
701,196,4,2023-11-25 14:38:23,666,Net Banking,Success
702,6,5,2024-05-14 13:06:10,399,Credit Card,Success
703,215,3,2023-10-12 12:13:01,319,Credit Card,Failed
704,273,5,2023-06-12 10:51:13,379,Credit Card,Success
705,294,3,2024-07-03 13:58:56,299,UPI,Success
706,115,4,2024-10-11 14:28:57,646,Credit Card,Success
707,20,3,2024-11-13 11:29:04,319,UPI,Success
708,94,10,2023-03-13 22:15:55,979,Net Banking,Success
709,3,2,2024-02-08 13:52:14,229,Net Banking,Success
710,85,3,2023-06-08 10:02:04,309,Net Banking,Success
711,74,9,2024-02-17 23:55:38,719,Net Banking,Success
712,58,2,2024-05-31 15:25:51,239,Credit Card,Success
713,43,6,2024-01-08 21:19:55,599,Debit Card,Success
714,118,6,2024-03-12 13:12:33,609,Debit Card,Success
715,98,7,2023-05-01 04:50:27,819,UPI,Success
716,152,10,2023-03-12 02:05:05,999,Net Banking,Success
717,178,11,2024-03-06 03:34:33,1489,UPI,Success
718,180,9,2024-11-05 23:54:00,689,Net Banking,Pending
719,173,11,2023-12-31 02:33:08,1489,UPI,Success
720,61,4,2023-06-04 00:58:29,666,Credit Card,Failed
721,47,11,2024-03-28 11:36:05,1489,UPI,Success
722,55,3,2023-05-01 12:58:55,299,Credit Card,Success
723,115,3,2023-03-20 07:14:07,309,Net Banking,Success
724,58,11,2024-10-25 05:14:35,1499,UPI,Success
725,269,4,2024-03-05 15:12:35,666,Credit Card,Success
726,253,3,2023-09-10 12:21:00,309,Debit Card,Success
727,17,4,2024-12-22 01:12:13,656,Debit Card,Success
728,219,5,2023-07-27 05:06:26,399,UPI,Success
729,173,11,2023-12-26 15:27:25,1509,Net Banking,Success
730,335,7,2023-08-14 03:03:40,789,UPI,Success
731,84,5,2024-11-03 04:50:37,399,Net Banking,Success
732,231,2,2023-05-21 04:01:36,239,Net Banking,Success
733,43,10,2023-05-16 09:45:26,999,UPI,Success
734,235,6,2023-09-22 07:29:43,609,Net Banking,Success
735,7,8,2024-10-14 15:26:37,379,Credit Card,Success
736,221,6,2023-04-18 09:38:22,599,Credit Card,Success
737,83,1,2024-09-22 22:45:23,209,UPI,Success
738,134,6,2024-10-23 16:21:51,609,UPI,Success
739,331,3,2023-01-30 05:58:45,279,Debit Card,Success
740,187,8,2024-04-16 03:28:12,419,Net Banking,Success
741,316,9,2024-11-01 19:06:00,699,Net Banking,Success
742,114,4,2024-06-22 12:24:51,676,Debit Card,Success
743,11,6,2023-05-24 10:14:28,589,Net Banking,Failed
744,218,1,2023-06-06 21:27:48,179,Debit Card,Pending
745,284,4,2024-12-17 13:28:44,666,UPI,Success
746,47,10,2023-09-07 02:55:03,979,Net Banking,Success
747,336,3,2023-06-13 03:38:31,319,UPI,Success
748,10,3,2024-05-14 08:44:31,299,Credit Card,Success
749,152,10,2024-08-04 23:33:34,999,UPI,Success
750,250,4,2024-01-07 05:58:59,666,Credit Card,Success
751,79,4,2024-12-09 02:28:14,646,Net Banking,Pending
752,104,2,2023-11-16 15:27:37,249,Net Banking,Success
753,108,2,2023-04-23 18:25:36,239,UPI,Success
754,35,3,2023-03-31 18:11:13,289,Credit Card,Success
755,141,11,2024-12-18 16:22:32,1509,Net Banking,Success
756,280,11,2023-09-10 18:05:17,1479,UPI,Success
757,135,11,2023-03-11 07:29:26,1479,UPI,Success
758,298,2,2023-04-11 14:06:04,229,UPI,Success
759,233,1,2024-12-26 04:39:32,189,Debit Card,Success
760,123,9,2024-12-31 07:50:44,699,Credit Card,Success
761,183,10,2024-08-03 00:51:33,1009,Credit Card,Success
762,25,10,2024-07-11 02:18:03,999,Net Banking,Success
763,253,9,2023-01-11 09:57:47,709,Credit Card,Success
764,105,11,2024-09-22 02:58:04,1499,UPI,Success
765,129,5,2023-05-17 19:26:05,379,UPI,Success
766,76,9,2024-06-14 12:49:13,699,Credit Card,Failed
767,244,1,2024-03-23 17:25:32,209,Debit Card,Pending
768,108,3,2024-04-08 04:16:16,299,Net Banking,Success
769,111,10,2023-05-31 09:58:12,1009,Debit Card,Pending
770,116,6,2024-07-14 11:07:05,599,UPI,Success
771,269,11,2023-01-01 23:02:31,1519,Credit Card,Success
772,347,10,2024-09-13 23:28:05,999,Credit Card,Success
773,171,10,2024-04-08 07:26:24,1019,UPI,Success
774,130,4,2023-12-19 10:13:15,646,Credit Card,Success
775,213,7,2024-12-27 08:48:39,799,Debit Card,Success
776,83,7,2023-08-27 09:52:20,819,Credit Card,Success
777,271,1,2023-07-21 10:46:11,179,Credit Card,Success
778,267,8,2024-12-23 11:54:34,379,Net Banking,Success
779,15,10,2024-03-03 14:52:22,999,Credit Card,Success
780,128,5,2023-02-16 20:14:26,389,UPI,Success
781,189,2,2023-12-01 22:33:31,239,UPI,Success
782,253,3,2023-04-09 05:48:35,319,Debit Card,Success
783,222,2,2024-08-16 10:40:24,239,Debit Card,Pending
784,214,3,2024-10-04 22:42:25,309,UPI,Success
785,178,5,2023-01-26 03:39:45,389,UPI,Success
786,59,10,2024-05-03 00:42:22,999,Net Banking,Success
787,275,11,2023-12-17 16:04:41,1499,Net Banking,Success
788,81,5,2024-04-28 19:49:01,379,Debit Card,Success
789,214,11,2024-08-27 14:03:39,1499,Debit Card,Success
790,189,3,2023-07-11 03:35:26,299,Net Banking,Success
791,41,3,2024-10-11 22:31:37,319,Debit Card,Success
792,335,1,2023-03-27 20:59:31,179,UPI,Success
793,325,9,2023-04-06 06:06:57,679,Credit Card,Success
794,240,7,2024-03-06 04:23:18,789,UPI,Success
795,167,5,2024-08-15 23:37:55,379,Net Banking,Success
796,92,9,2023-02-03 02:33:30,699,UPI,Success
797,247,11,2023-10-12 11:16:51,1499,UPI,Success
798,346,1,2024-11-05 12:45:24,209,UPI,Pending
799,116,1,2023-12-26 23:26:01,179,Credit Card,Success
800,39,7,2023-12-18 19:50:41,779,Credit Card,Success
801,240,4,2023-09-15 23:31:30,646,UPI,Success
802,296,5,2024-03-05 22:25:15,399,Debit Card,Success
803,145,4,2024-09-14 04:13:08,666,Credit Card,Success
804,185,4,2023-01-20 06:07:18,646,Net Banking,Success
805,245,9,2024-10-29 12:27:42,699,Debit Card,Success
806,231,7,2024-04-08 01:13:59,799,Net Banking,Success
807,132,2,2023-11-02 22:38:13,239,Credit Card,Pending
808,296,4,2024-09-12 21:14:23,666,Credit Card,Success
809,241,8,2024-12-17 02:45:09,399,Net Banking,Success
810,64,7,2024-10-01 09:25:52,789,UPI,Success
811,194,2,2024-02-12 11:32:58,229,Credit Card,Success
812,6,8,2023-01-15 17:49:26,379,UPI,Pending
813,136,7,2023-11-19 04:30:26,799,UPI,Success
814,225,6,2024-05-01 21:06:02,599,UPI,Success
815,81,2,2023-02-09 06:50:02,239,Net Banking,Success
816,249,2,2024-12-10 20:52:43,239,UPI,Success
817,162,11,2023-07-24 00:58:28,1499,Credit Card,Success
818,117,9,2023-11-14 07:19:34,719,Debit Card,Success
819,339,6,2023-07-13 15:06:43,609,UPI,Success
820,101,3,2023-02-02 20:28:18,299,UPI,Success
821,218,5,2024-05-17 05:12:01,419,Net Banking,Failed
822,69,7,2024-08-31 10:15:08,799,Net Banking,Success
823,40,11,2023-02-20 13:53:58,1489,Net Banking,Success
824,195,11,2023-04-04 10:08:35,1519,Net Banking,Success
825,315,9,2024-08-05 11:16:30,699,UPI,Success
826,16,7,2023-03-19 08:14:43,789,Credit Card,Success
827,75,1,2024-06-22 02:48:55,199,Debit Card,Success
828,199,3,2024-08-15 00:20:47,299,Net Banking,Success
829,288,9,2024-06-04 04:42:00,699,Debit Card,Success
830,133,2,2024-04-19 05:24:19,239,UPI,Success
831,209,5,2023-09-12 10:44:30,399,Credit Card,Success
832,180,8,2023-02-09 14:21:03,399,Net Banking,Success
833,115,9,2024-10-17 17:58:37,689,UPI,Success
834,285,1,2024-10-15 05:53:16,189,UPI,Success
835,145,11,2024-05-02 14:28:56,1499,UPI,Success
836,99,9,2024-09-12 17:54:13,679,Credit Card,Success
837,111,10,2024-03-19 22:41:47,999,Net Banking,Failed
838,135,2,2023-03-06 20:34:03,239,UPI,Success
839,82,9,2024-01-27 04:42:27,709,Debit Card,Failed
840,37,9,2023-01-24 17:13:41,719,UPI,Pending
841,149,7,2024-11-25 12:25:02,799,Debit Card,Success
842,87,3,2024-08-11 15:01:29,279,Net Banking,Failed
843,26,6,2024-02-10 09:47:02,599,Credit Card,Success
844,329,8,2024-01-29 16:19:52,399,Net Banking,Failed
845,113,9,2024-11-14 01:24:53,679,UPI,Success
846,22,1,2023-11-22 06:45:58,199,Debit Card,Success
847,185,2,2024-10-05 18:09:00,259,Credit Card,Success
848,283,7,2024-08-06 13:46:36,779,Debit Card,Success
849,127,2,2024-08-16 21:21:18,249,UPI,Failed
850,230,9,2024-12-16 21:55:58,709,Debit Card,Success
851,300,10,2024-06-04 17:23:30,999,Credit Card,Success
852,65,7,2024-12-18 06:08:18,809,Net Banking,Success
853,93,1,2023-07-27 11:44:50,179,Debit Card,Success
854,194,2,2023-07-20 21:36:44,259,UPI,Success
855,164,7,2023-03-29 09:01:17,799,Net Banking,Success
856,220,9,2024-05-13 21:50:22,689,Credit Card,Success
857,124,11,2024-11-25 04:56:46,1519,Credit Card,Success
858,167,7,2023-10-02 23:49:55,779,Net Banking,Success
859,213,11,2024-06-04 10:14:09,1509,Net Banking,Success
860,67,11,2023-02-05 01:59:04,1499,Net Banking,Success
861,55,5,2024-10-10 15:08:33,399,Net Banking,Success
862,73,4,2024-07-13 12:23:21,666,Net Banking,Success
863,185,8,2024-02-02 10:47:27,399,Credit Card,Success
864,28,1,2024-04-01 07:52:48,199,Debit Card,Success
865,14,3,2023-05-05 03:01:22,299,Credit Card,Success
866,171,7,2023-10-19 09:20:52,799,Credit Card,Success
867,12,10,2024-09-05 02:26:29,1019,Credit Card,Success
868,222,7,2024-10-29 08:31:13,809,Credit Card,Success
869,95,7,2023-04-19 21:25:35,799,Net Banking,Success
870,190,9,2024-04-14 15:23:38,699,UPI,Success
871,348,10,2024-11-11 18:41:42,979,UPI,Success
872,163,4,2024-10-06 10:39:33,646,Credit Card,Success
873,121,10,2024-05-12 04:16:22,1019,Credit Card,Pending
874,222,4,2024-09-10 16:24:59,646,Credit Card,Success
875,94,7,2024-11-25 17:36:58,779,Debit Card,Success
876,151,4,2023-02-04 00:19:14,666,Debit Card,Success
877,319,2,2023-11-08 03:52:47,239,UPI,Failed
878,257,6,2024-12-05 01:03:45,599,Debit Card,Success
879,37,5,2023-04-07 18:08:26,399,UPI,Success
880,188,11,2023-01-25 12:25:44,1519,Credit Card,Success
881,223,5,2023-01-22 22:42:38,419,Net Banking,Success
882,66,2,2024-04-11 22:13:56,259,Net Banking,Success
883,328,2,2024-08-22 22:34:37,239,Credit Card,Success
884,96,10,2024-02-23 01:31:24,999,UPI,Success
885,177,1,2024-12-19 01:57:33,199,Credit Card,Success
886,335,2,2023-12-10 23:20:25,239,Net Banking,Success
887,73,2,2024-09-03 11:54:16,229,Debit Card,Success
888,149,7,2024-05-01 16:29:09,799,Debit Card,Success
889,213,10,2024-05-30 02:20:47,999,Credit Card,Success
890,248,10,2023-11-04 10:45:38,1009,Net Banking,Success
891,34,9,2023-11-29 09:31:57,699,Debit Card,Success
892,27,2,2023-09-12 05:48:37,239,Debit Card,Pending
893,20,11,2023-02-08 07:01:42,1479,UPI,Success
894,24,10,2024-06-11 19:13:39,989,UPI,Success
895,92,8,2023-10-08 15:25:11,389,Net Banking,Success
896,263,1,2023-09-30 19:58:49,179,UPI,Success
897,303,7,2024-06-14 07:40:54,809,UPI,Success
898,295,10,2024-02-22 17:38:39,1019,Net Banking,Success
899,56,6,2023-07-13 01:21:40,599,Credit Card,Success
900,59,10,2024-03-23 22:03:13,999,Debit Card,Success
